{
    "loss": 25.77036476135254,
    "accuracy": 0.4313725531101227
}